gov_id,gov_title_zh,gov_title_en,imdb_id,omdb_title_en,year,runtime,genre,language,country,director,writer,actors,plot,awards,poster,imdb_rating,tomatoes_rating,metacritic_rating,source,fetched_at
13460,仲夏魘,MIDSOMMAR,tt8772262,Midsommar,2019,148 min,"Drama, Horror, Mystery","English, Swedish","United States, Sweden",Ari Aster,Ari Aster,"Florence Pugh, Jack Reynor, Vilhelm Blomgren","Dani (Florence Pugh) and Christian (Jack Reynor) are a young American couple with a relationship on the brink of falling apart. But after a family tragedy keeps them together, Christian invites a grieving Dani to join him and his friends on a trip to a once-in-a-lifetime midsummer festival in a remote Swedish village. What begins as a carefree summer holiday in the North European land of eternal sunlight takes a sinister turn when the insular villagers invite their guests to partake in festivities that render the pastoral paradise increasingly unnerving and viscerally disturbing.",27 wins & 74 nominations total,https://m.media-amazon.com/images/M/MV5BMzQxNzQzOTQwM15BMl5BanBnXkFtZTgwMDQ2NTcwODM@._V1_SX300.jpg,7.1/10,83%,72/100,omdb,2025-10-26 22:22:17
17126,幻愛,Beyond the Dream,tt11810546,Beyond the Dream,2019,119 min,"Drama, Romance",Cantonese,Hong Kong,Kiwi Chow,"Kiwi Chow, Chun Wing Tsang","Chun-Him Lau, Cecilia Choi, Hee Ching Paw","Lok (Chun-Him Lau) is a recovering schizophrenic who yearns for love. One day, he encounters the young and beautiful Yan (Cecilia Choi) and quickly falls in love with her. Just when he struggles whether to tell her about his illness, he has a relapse and becomes delusional. Little does he know that she's a psychological counselor who has a hidden agenda. The pair develops a relationship that is beyond their wildest dreams.",5 wins & 12 nominations total,https://m.media-amazon.com/images/M/MV5BZTU2Y2U5MDEtMmM1Ny00MjlmLWE2YzQtZTQ5YWI1OGE2YTdlXkEyXkFqcGc@._V1_SX300.jpg,7.1/10,,,omdb,2025-10-26 22:22:18
22894,一一,YIYI-A ONE AND A TWO,tt0244316,Yi Yi,2000,173 min,Drama,"Mandarin, Min Nan, Hokkien, English, Japanese, French","Taiwan, Japan",Edward Yang,Edward Yang,"Nien-Jen Wu, Elaine Jin, Issei Ogata","Portrait of a middle-class family in Taipei. A man in his forties, his teenage daughter and his eight-year-old son experience life, navigating between remorse, hope and disappointment.",14 wins & 23 nominations total,https://m.media-amazon.com/images/M/MV5BNTAyMDQ5Y2MtZDk0NC00N2IyLWE5OTgtZjJkZWNlMDBhMDhlXkEyXkFqcGc@._V1_SX300.jpg,8.1/10,,94/100,omdb,2025-10-26 22:22:20
23548,日麗,Aftersun,tt19770238,Aftersun,2022,102 min,Drama,"English, Turkish, Spanish","United Kingdom, United States, Turkey, Philippines, Netherlands",Charlotte Wells,Charlotte Wells,"Paul Mescal, Frankie Corio, Celia Rowlson-Hall",Sophie reflects on the shared joy and private melancholy of a holiday she took with her father twenty years earlier. Memories real and imagined fill the gaps between as she tries to reconcile the father she knew with the man she d...,Nominated for 1 Oscar. 96 wins & 186 nominations total,https://m.media-amazon.com/images/M/MV5BZWU5Y2MyZjQtNGVjYi00ZDRkLTk1MGYtYmNlMzI0MTFmNDU2XkEyXkFqcGc@._V1_SX300.jpg,7.6/10,96%,95/100,omdb,2025-10-26 22:22:22
24046,寶可噩夢,Beau Is Afraid,tt13521006,Beau Is Afraid,2023,179 min,"Comedy, Drama",English,"United States, United Kingdom, Finland, Canada",Ari Aster,Ari Aster,"Joaquin Phoenix, Patti LuPone, Amy Ryan","Following the sudden death of his mother, a mild-mannered but anxiety-ridden man confronts his darkest fears as he embarks on an epic odyssey back home.",31 nominations total,https://m.media-amazon.com/images/M/MV5BMTdmYmQ5MjctYzU3NS00N2I0LTkwYTYtZWMxNTVhOTRkODA1XkEyXkFqcGc@._V1_SX300.jpg,6.6/10,67%,63/100,omdb,2025-10-26 22:22:23
25044,之前的我們,PAST LIVES,tt13238346,Past Lives,2023,105 min,"Drama, Romance","Korean, English, Mandarin, French","United States, South Korea",Celine Song,Celine Song,"Greta Lee, Teo Yoo, John Magaro","Nora and Hae Sung, two deeply connected childhood friends, are wrested apart after Nora's family emigrates from South Korea. Twenty years later, they are reunited for one fateful week as they confront notions of love and destiny.",Nominated for 2 Oscars. 83 wins & 239 nominations total,https://m.media-amazon.com/images/M/MV5BYjQyMTNhNjUtN2VmYy00NWRhLTkwOTctMGVmNTBmNDIxYjZhXkEyXkFqcGc@._V1_SX300.jpg,7.8/10,95%,94/100,omdb,2025-10-26 22:22:25
26305,夢行者保羅,DREAM SCENARIO,tt21942866,Dream Scenario,2023,102 min,"Comedy, Drama, Fantasy","English, French","United States, Canada",Kristoffer Borgli,Kristoffer Borgli,"Lily Bird, Nicolas Cage, Julianne Nicholson",An ordinary family man finds his life turned upside down when strangers suddenly start seeing him in their dreams.,3 wins & 18 nominations total,https://m.media-amazon.com/images/M/MV5BZTVhZjNhMzktOGQ2YS00OGVkLWExNGEtMjBlYWI3MjVmYmM1XkEyXkFqcGc@._V1_SX300.jpg,6.8/10,91%,74/100,omdb,2025-10-26 22:22:27
26439,鬼才之道,Dead Talents Society,tt17079606,Dead Talents Society,2024,111 min,"Comedy, Horror, Thriller","Min Nan, Mandarin",Taiwan,John Hsu,"John Hsu, Tsai Kun-Lin","Sandrine Pinna, Gingle Wang, Chen Bolin",Follows ghosts who want to become the spookiest of urban legends and most successful and famous stars in the underworld through their scare tactics and performances amongst the living.,11 wins & 9 nominations total,https://m.media-amazon.com/images/M/MV5BOTQ4NmIyMjAtZWMwMC00OGIyLWEzMmYtMzY3ZGRhYzUyNGE2XkEyXkFqcGc@._V1_SX300.jpg,7.0/10,95%,,omdb,2025-10-26 22:22:29
26514,紅豬,Porco Rosso,tt0104652,Porco Rosso,1992,94 min,"Animation, Adventure, Comedy",Japanese,Japan,Hayao Miyazaki,Hayao Miyazaki,"Shûichirô Moriyama, Tokiko Katô, Bunshi Katsura VI","In Early 1930's era Italy air pirates, bounty hunters and high fliers of all sorts rule the skies. The most cunning and skilled of these pilots is Porco Rosso. A former Ace, he now makes a living flying contract jobs, such as rescuing those kidnapped by air pirates. Donald Curtis, Porco's rival in the air and in catching the affections of women, provides a constant challenge to the hero, culminating in a hilarious, action packed finale.",4 wins total,https://m.media-amazon.com/images/M/MV5BOGNjMDM1NWEtMzI4OC00YzdlLWJmMjktNmJiYTlkNTNlODM0XkEyXkFqcGc@._V1_SX300.jpg,7.7/10,96%,83/100,omdb,2025-10-26 22:22:31
27106,,,tt35504309,Hé mán,2025,102 min,Drama,"Min Nan, Mandarin",Taiwan,Chu Chun-Teng,"Chu Chun-Teng, Shann-Juin You","Bella Cheng, Misi Ke, Chin-Yu Pan","A man encounters an enigmatic woman on a secluded island near Taipei. Together, they uncover the island's secrets, delving into themes of yearning and identity. Their journey unfolds in a dreamlike landscape where past and present...",2 nominations total,https://m.media-amazon.com/images/M/MV5BNTFhMzRhNmUtNWIwMS00YTM5LWJmNTktOTY0NmIzZTZkYWZhXkEyXkFqcGc@._V1_SX300.jpg,,,,omdb,2025-10-26 23:11:21
27343,帝國浩劫：美國內戰,CIVIL WAR,tt17279496,Civil War,2024,109 min,"Action, Thriller",English,"United States, United Kingdom, Finland",Alex Garland,Alex Garland,"Kirsten Dunst, Wagner Moura, Cailee Spaeny","In a dystopian future, four journalists travel across the United States during a nation-wide conflict. While trying to survive, they aim to reach the White House to interview the president before he is overthrown.",8 wins & 60 nominations total,https://m.media-amazon.com/images/M/MV5BYTkzMjc0YzgtY2E0Yi00NDBlLWI0MWUtODY1ZjExMDAyOWZiXkEyXkFqcGc@._V1_SX300.jpg,7.0/10,81%,75/100,omdb,2025-10-26 22:22:34
27899,96分鐘,96 MINUTES,tt34381460,96 Minutes,2025,120 min,"Action, Crime",Mandarin,Taiwan,Tzu-Hsuan Hung,"Yi-Fang Chen, Tzu-Hsuan Hung, Wan-Ju Yang","Lee Lee-Zen, Po-Hung Lin, Vivian Sung",,,,,,,omdb,2025-10-27 00:42:20
29081,粗獷派建築師,THE BRUTALIST,tt8999762,The Brutalist,2024,216 min,Drama,"English, Hungarian, Italian, Hebrew, Yiddish, Russian, French","United States, United Kingdom, Canada",Brady Corbet,"Brady Corbet, Mona Fastvold","Adrien Brody, Felicity Jones, Guy Pearce",A visionary architect flees post-war Europe in 1947 for a brighter future in the United States and finds his life forever changed by a wealthy client.,Won 3 Oscars. 136 wins & 344 nominations total,https://m.media-amazon.com/images/M/MV5BM2U0MWRjZTMtMDVhNC00MzY4LTgwOTktZGQ2MDdiYTI4OWMxXkEyXkFqcGc@._V1_SX300.jpg,7.3/10,93%,90/100,omdb,2025-10-26 22:22:37
29378,我家的事,Family Matters,tt35834522,Wo jia de shi,2025,99 min,Drama,"Min Nan, Mandarin",Taiwan,Ke-Yin Pan,Ke-Yin Pan,"Wei-Hua Lan, Iling Kao, Jing-Hua Tseng",,2 nominations total,https://m.media-amazon.com/images/M/MV5BMDI3N2UzMDItNGIxZS00ZDcyLWEwYTgtYWRjMGM5NmZkYjU5XkEyXkFqcGc@._V1_SX300.jpg,,,,omdb,2025-10-26 23:14:22
29380,失明,Blind Love,tt35332631,Shi ming,2025,145 min,Drama,Mandarin,Taiwan,Mei-Yu Chou,River Wu,"Frederick Ming Zhong Lee, Moon Lee, Ariel Lin","An unexpected kiss unburies memories for Shu-yi, a mother quietly holding her family together despite her unhappiness. As her rebelling son Han grows drawn to the enigmatic Xue-jin, Shu-yi rekindles her past connection with the sa...",1 nomination total,,,,,omdb,2025-10-26 23:14:24
29513,異教詭屋,HERETIC,tt28015403,Heretic,2024,111 min,"Horror, Thriller",English,"United States, Canada","Scott Beck, Bryan Woods","Scott Beck, Bryan Woods","Hugh Grant, Sophie Thatcher, Chloe East",Two young religious women are drawn into a game of cat-and-mouse in the house of a strange man.,Nominated for 1 BAFTA Award4 wins & 38 nominations total,https://m.media-amazon.com/images/M/MV5BMzFiMWM4YjAtY2Y3Yi00MDIzLTk0N2MtYTAwNGM3ZmMwODhlXkEyXkFqcGc@._V1_SX300.jpg,7.0/10,90%,71/100,omdb,2025-10-26 22:22:43
29831,乖女孩,BABY GIRL,tt30057084,Babygirl,2024,114 min,"Drama, Romance, Thriller",English,"Netherlands, United States",Halina Reijn,Halina Reijn,"Nicole Kidman, Harris Dickinson, Antonio Banderas",A high-powered CEO puts her career and family on the line when she begins a torrid affair with her much-younger intern.,9 wins & 23 nominations total,https://m.media-amazon.com/images/M/MV5BMmUwODYwODAtYWZkZS00YmUwLWFmMWEtOGNjMjE2NDk3OWIwXkEyXkFqcGc@._V1_SX300.jpg,5.8/10,76%,79/100,omdb,2025-10-26 23:14:26
29882,進行曲,Marching Boys,tt37093338,Jin xing qu,2025,117 min,Drama,Mandarin,Taiwan,Jui-Chih Chiang,,"Rosen Tsai, Yu-Jen Liu, Jie-En Yu",,,https://m.media-amazon.com/images/M/MV5BMTE0MWZmYWEtOWNlNy00MTVjLTg5YWUtODZmNWNjMmE3ZTJlXkEyXkFqcGc@._V1_SX300.jpg,,,,omdb,2025-10-26 22:22:47
30021,辛辛監獄劇團,Sing Sing,tt28479262,Sing Sing,2023,107 min,Drama,English,United States,Greg Kwedar,"John H. Richardson, Brent Buell, Clint Bentley","Colman Domingo, Clarence Maclin, Sean San Jose","Divine G, imprisoned at Sing Sing for a crime he didn't commit, finds purpose by acting in a theatre group alongside other incarcerated men in this story of resilience, humanity, and the transformative power of art.",Nominated for 3 Oscars. 70 wins & 201 nominations total,https://m.media-amazon.com/images/M/MV5BMDMzODBlNmMtZmUxNC00NWEwLWE4NTktZWUwNmExNGRlMWEzXkEyXkFqcGc@._V1_SX300.jpg,7.6/10,97%,83/100,omdb,2025-10-26 22:22:48
30062,鬼吹簫,THE PIPER,tt14197038,The Piper,2023,95 min,"Horror, Music, Mystery",English,United States,Erlingur Thoroddsen,Erlingur Thoroddsen,"Julian Sands, Charlotte Hope, Pippa Winslow","When a composer is tasked with finishing her late mentor's concerto, she soon discovers that playing the music summons deadly consequences, leading her to uncover the disturbing origins of the melody and an evil that has awakened.",3 wins & 2 nominations,https://m.media-amazon.com/images/M/MV5BMThkZDA2MzQtOTU5NS00MWU2LTkwNWUtNWE5NzU0NWQxZjkxXkEyXkFqcGc@._V1_SX300.jpg,4.6/10,,,omdb,2025-10-26 23:14:27
30155,QUEER,QUEER,tt24176060,Queer,2024,137 min,"Biography, Drama, History","English, Spanish, French","Italy, United States",Luca Guadagnino,"William S. Burroughs, Justin Kuritzkes","Daniel Craig, Daan de Wit, Jason Schwartzman","In 1950s Mexico City, an American immigrant in his late forties leads a solitary life amidst a small American community. However, the arrival of a young student stirs the man into finally establishing a meaningful connection with ...",4 wins & 60 nominations total,https://m.media-amazon.com/images/M/MV5BMjE5YjAyOWYtMDk2Zi00NjFmLWE3OGMtMjc0ZjNmYjQxMmEzXkEyXkFqcGc@._V1_SX300.jpg,6.4/10,77%,72/100,omdb,2025-10-26 22:22:52
30560,長椅小情歌,AT THE BENCH,tt33477504,At the Bench,2024,86 min,Drama,Japanese,Japan,Yoshiyuki Okayama,,"Yoshiyoshi Arakawa, Suzu Hirose, Mio Imada",A bench at a riverside park is host to a variety of people and their daily lives.,,https://m.media-amazon.com/images/M/MV5BODdiY2Y5N2UtN2Q1NC00YzgxLWIxNjEtODcxYjJjNzk3ZGQ5XkEyXkFqcGc@._V1_SX300.jpg,,,,omdb,2025-10-26 22:22:54
30704,造山者－世紀的賭注,A Chip Odyssey,tt37150285,Zao shan zhe - Shi ji de du zhu,2025,106 min,Documentary,Mandarin,Taiwan,Chu-chen Hsiao,,,,,https://m.media-amazon.com/images/M/MV5BZTBmN2U4YzctMTgzNy00NjliLWIyZDYtZmMxZDVmNzhmNDk3XkEyXkFqcGc@._V1_SX300.jpg,,,,omdb,2025-10-26 22:22:56
30717,馴龍高手,HOW TO TRAIN YOUR DRAGON,tt26743210,How to Train Your Dragon,2025,125 min,"Action, Adventure, Comedy",English,"United States, United Kingdom, Ireland, Iceland, Canada",Dean DeBlois,"Dean DeBlois, Cressida Cowell, William Davies","Mason Thames, Nico Parker, Gerard Butler","As an ancient threat endangers both Vikings and dragons alike on the isle of Berk, the friendship between Hiccup, an inventive Viking, and Toothless, a Night Fury dragon, becomes the key to both species forging a new future together.",1 win & 1 nomination total,https://m.media-amazon.com/images/M/MV5BODA5Y2M0NjctNWQzMy00ODRhLWE0MzUtYmE1YTAzZjYyYmQyXkEyXkFqcGc@._V1_SX300.jpg,7.8/10,76%,61/100,omdb,2025-10-26 23:14:29
30738,星際寶貝：史迪奇,Lilo & Stitch,tt11655566,Lilo & Stitch,2025,108 min,"Action, Adventure, Comedy",English,"United States, Australia, Canada",Dean Fleischer Camp,"Chris Kekaniokalani Bright, Mike Van Waes, Chris Sanders","Maia Kealoha, Sydney Agudong, Chris Sanders","A lonely Hawaiian girl befriends a runaway alien, helping to mend her fragmented family.",,https://m.media-amazon.com/images/M/MV5BYmFmZjM1ZTEtYzQ5ZS00MTRmLTkzMDktYWMxNTg2NGE3YjY4XkEyXkFqcGc@._V1_SX300.jpg,6.7/10,72%,53/100,omdb,2025-10-26 23:14:31
30739,不可能的任務：最終清算,MISSION: IMPOSSIBLE -THE FINAL RECKONING,tt9603208,Mission: Impossible - The Final Reckoning,2025,169 min,"Action, Adventure, Thriller","English, French, Russian, Inuktitut","United States, Norway",Christopher McQuarrie,"Bruce Geller, Christopher McQuarrie, Erik Jendresen","Tom Cruise, Hayley Atwell, Ving Rhames","Hunt and the IMF pursue a dangerous AI called the Entity that's infiltrated global intelligence. With governments and a figure from his past in pursuit, Hunt races to stop it from forever changing the world.",6 wins & 3 nominations total,https://m.media-amazon.com/images/M/MV5BZGQ5NGEyYTItMjNiMi00Y2EwLTkzOWItMjc5YjJiMjMyNTI0XkEyXkFqcGc@._V1_SX300.jpg,7.2/10,80%,67/100,omdb,2025-10-26 22:23:01
30809,名偵探柯南 獨眼的殘像,Detective Conan The Movie: One-Eyed Flashback,tt35444710,Detective Conan: One-Eyed Flashback,2025,110 min,"Animation, Action, Mystery",Japanese,Japan,Katsuya Shigehara,"Takeharu Sakurai, Gôshô Aoyama","Show Hayami, Megumi Hayashibara, Hiroaki Hirata",Detectives Conan and Kogoro Mouri are pulled into a mystery connected to the past of police inspector Kansuke Yamato.,,https://m.media-amazon.com/images/M/MV5BZGRmMzYwOTEtMDI0Yi00MGJmLWJkNDEtYWQ4OWEyNjBiZTIwXkEyXkFqcGc@._V1_SX300.jpg,6.9/10,,,omdb,2025-10-26 22:23:03
30863,我家妹妹不准嫁,Will You Marry Monk?,tt35449514,Will You Marry Monk?,2025,,"Comedy, Drama",Thai,Thailand,"Weeravat Chayochaikon, Ongart Cheamcharoenpornkul, Voravuth Thawinwisitwat","Juttuporn Boothkort, Weeravat Chayochaikon, Phairat Thaton","Pae Arak Amornsupasiri, Patara Eksangkul, Kornnaphat Sethratanapong","A Thai monk heads to his sister's wedding in Japan, but grows concerned when he learns about her groom's dark past. As he tries to prevent their union, the former gangster must demonstrate he's truly changed.",,https://m.media-amazon.com/images/M/MV5BMGE4OGQxNTktNzAwZS00ZThhLWJiNzgtNzA2ZGM2YjA3ODhkXkEyXkFqcGc@._V1_SX300.jpg,,,,omdb,2025-10-26 22:23:04
30864,世界就是這樣結束的,The End,tt15551346,The End,2024,148 min,"Drama, Fantasy, Musical","English, French","Denmark, Germany, Ireland, Italy, United Kingdom, Sweden, United States",Joshua Oppenheimer,"Rasmus Heisterberg, Joshua Oppenheimer, Shusaku Harada","Tilda Swinton, George MacKay, Moses Ingram","After decades alone, a wealthy family living in a salt mine encounters a stranger.",3 nominations total,https://m.media-amazon.com/images/M/MV5BOGE5NGJlYWYtZDY0Ni00MDNkLWE3ZmItNjg5NGVjMWNjYWJkXkEyXkFqcGc@._V1_SX300.jpg,5.4/10,56%,65/100,omdb,2025-10-26 23:51:25
31027,F1電影,F1,tt16311594,F1: The Movie,2025,155 min,"Action, Drama, Sport","English, Spanish, German, Italian",United States,Joseph Kosinski,"Joseph Kosinski, Ehren Kruger","Brad Pitt, Damson Idris, Javier Bardem",A Formula One driver comes out of retirement to mentor and team up with a younger driver.,1 win & 8 nominations total,https://m.media-amazon.com/images/M/MV5BZTYwYjJhNzYtY2ZiZS00ZmYxLWJkZjctYjRlNGIxYjI3ZTU0XkEyXkFqcGc@._V1_SX300.jpg,7.7/10,82%,68/100,omdb,2025-10-26 22:23:08
31037,暗影部隊,SHADOW FORCE,tt11092020,Shadow Force,2025,104 min,"Action, Drama, Thriller","English, French, Spanish, German",United States,Joe Carnahan,"Leon Chills, Joe Carnahan","Kerry Washington, Omar Sy, Jahleel Kamara","An estranged couple with a bounty on their heads must go on the run with their son to avoid their former employer, a unit of shadow ops that has been sent to kill them.",,https://m.media-amazon.com/images/M/MV5BMTUyZTUyOTMtOGU5OC00MmM1LTk0NWUtMjNlMTU4ZTkwMDRjXkEyXkFqcGc@._V1_SX300.jpg,4.7/10,30%,27/100,omdb,2025-10-26 22:23:09
31082,地球特派員,ELIO,tt4900148,Elio,2025,98 min,"Animation, Adventure, Comedy",English,United States,"Adrian Molina, Madeline Sharafian, Domee Shi","Julia Cho, Mark Hammer, Mike Jones","Yonas Kibreab, Zoe Saldaña, Remy Edgerly","Elio, a space fanatic with an active imagination, finds himself on a cosmic misadventure where he must form new bonds with alien lifeforms, navigate a crisis of intergalactic proportions and somehow discover who he is truly meant ...",2 nominations total,https://m.media-amazon.com/images/M/MV5BOWE5ZDMyMWEtOTZjMi00YzFhLWE4OTEtNDc3MDMzZjFmMmIzXkEyXkFqcGc@._V1_SX300.jpg,6.7/10,83%,66/100,omdb,2025-10-26 22:23:11
31123,侏羅紀世界：重生,JURASSIC WORLD REBIRTH,tt31036941,Jurassic World: Rebirth,2025,133 min,"Action, Adventure, Sci-Fi","English, French, Spanish","United States, United Kingdom, Malta, India, Taiwan",Gareth Edwards,"David Koepp, Michael Crichton","Scarlett Johansson, Mahershala Ali, Jonathan Bailey","Five years post-Jurassic World: Dominion (2022), an expedition braves isolated equatorial regions to extract DNA from three massive prehistoric creatures for a groundbreaking medical breakthrough.",1 win & 1 nomination total,https://m.media-amazon.com/images/M/MV5BMGM3ZmI3NzQtNzU5Yi00ZWI1LTg3YTAtNmNmNWIyMWFjZTBkXkEyXkFqcGc@._V1_SX300.jpg,5.9/10,50%,50/100,omdb,2025-10-26 22:23:13
31159,皇家保姆亞瑟,OUT OF THE NEST,tt31520900,Out of the Nest,2024,84 min,Animation,"English, Thai","Thailand, China","Arturo A. Hernandez, Veerapatra Jinanavin, Jeff Schu","Gillian Berrow, Arturo A. Hernandez",,"In the Kingdom of Castilia, a dark force rises again. Days from the coronation of the new Emperor and Empress, their seven royal fledglings are taken and it's up to one hero to return them safely; a teenage delivery boy, Arthur th...",,https://m.media-amazon.com/images/M/MV5BZmNjMTE5N2YtODg3OS00ZDNlLWE3ZDItZTAzOGZmY2JjOTgyXkEyXkFqcGc@._V1_SX300.jpg,,,,omdb,2025-10-26 22:23:14
31186,超人,SUPERMAN,tt5950044,Superman,2025,129 min,"Action, Adventure, Sci-Fi",English,"United States, Canada, Australia, New Zealand",James Gunn,"James Gunn, Jerry Siegel, Joe Shuster","David Corenswet, Rachel Brosnahan, Nicholas Hoult","Superman must reconcile his alien Kryptonian heritage with his human upbringing as reporter Clark Kent. As the embodiment of truth, justice and the human way he soon finds himself in a world that views these as old-fashioned.",2 nominations total,https://m.media-amazon.com/images/M/MV5BOGMwZGJiM2EtMzEwZC00YTYzLWIxNzYtMmJmZWNlZjgxZTMwXkEyXkFqcGc@._V1_SX300.jpg,7.1/10,83%,68/100,omdb,2025-10-26 22:23:16
31190,電影哆啦A夢：大雄的繪畫世界物語,DORAEMON THE MOVIE: NOBITA'S ART WORLD TALES,tt33512868,Doraemon: Nobita's Art World Tales,2025,,"Animation, Adventure, Comedy",Japanese,Japan,Yukiyo Teramoto,"Fujio F. Fujiko, Satoshi Ito","Wasabi Mizuta, Megumi Ôhara, Yumi Kakazu","Set in the magnificent world of medieval Europe depicted in paintings. Doraemon and his friends jump into the ""world of the painting"" joined by Claire and her friends Milo and Chai as they emabark on a great adventure!.",,,,,,omdb,2025-10-26 22:23:18
31201,壞蛋聯盟 2,THE BAD GUYS 2,tt30017619,The Bad Guys 2,2025,104 min,"Animation, Action, Adventure",English,United States,"JP Sans, Pierre Perifel","Yoni Brenner, Etan Cohen, Aaron Blabey","Sam Rockwell, Marc Maron, Awkwafina","The Bad Guys are struggling to find trust and acceptance in their newly minted lives as Good Guys, when they are pulled out of retirement and forced to do ""one last job"" by an all-female squad of criminals.",,https://m.media-amazon.com/images/M/MV5BY2YwODhmODctMjE2OS00Y2EyLWEyZTEtOGU3ODk5MGIzYmU1XkEyXkFqcGc@._V1_SX300.jpg,7.1/10,88%,64/100,omdb,2025-10-26 22:23:19
31251,藍色小精靈大電影,SMURFS,tt18069420,Smurfs,2025,89 min,"Animation, Adventure, Comedy",English,"United States, Belgium, Italy",Chris Miller,"Pam Brady, Peyo","Rihanna, James Corden, Nick Offerman","When Papa Smurf is taken by evil wizards Razamel and Gargamel, Smurfette leads the Smurfs on a mission to the real world to save him.",1 nomination total,https://m.media-amazon.com/images/M/MV5BMDMyNDViNTMtMmQwYy00ZWUzLThjODYtZWNiOTMzMWFjMzg1XkEyXkFqcGc@._V1_SX300.jpg,4.3/10,20%,31/100,omdb,2025-10-26 22:23:21
31329,全知讀者視角,Omniscient Reader,tt30254719,Omniscient Reader: The Prophecy,2025,116 min,"Action, Adventure, Drama",Korean,South Korea,Byung-woo Kim,"Umi, singNsong","Ahn Hyo-seop, Lee Min-ho, Kim Jisoo","Dokja's favorite novel comes ominously true; using his intricate knowledge of the impending apocalyptic story, the office worker changes destiny.",,https://m.media-amazon.com/images/M/MV5BYzUzNWRiYzctM2JhNS00MmI2LWJmODQtNmI1MmQyNTMwYTExXkEyXkFqcGc@._V1_SX300.jpg,,,,omdb,2025-10-26 22:23:25
31352,驚奇4超人：第一步,The Fantastic Four: First Steps,tt10676052,The Fantastic Four: First Steps,2025,114 min,"Action, Adventure, Sci-Fi",English,"United Kingdom, United States, Canada, New Zealand",Matt Shakman,"Josh Friedman, Eric Pearson, Jeff Kaplan","Pedro Pascal, Vanessa Kirby, Ebon Moss-Bachrach","Forced to balance their roles as heroes with the strength of their family bond, the Fantastic Four must defend Earth from a ravenous space god called Galactus and his enigmatic herald, the Silver Surfer.",3 nominations total,https://m.media-amazon.com/images/M/MV5BOGM5MzA3MDAtYmEwMi00ZDNiLTg4MDgtMTZjOTc0ZGMyNTIwXkEyXkFqcGc@._V1_SX300.jpg,7.0/10,,65/100,omdb,2025-10-26 22:23:26
31355,電影蠟筆小新：超華麗！灼熱的春日部舞者們,CRAYON SHINCHAN THE MOVIE: SUPER HOT! THE SPICY KASUKABE DANCERS,tt35009463,Crayon Shin-chan the Movie: Super Hot! The Spicy Kasukabe Dancers,2025,,"Animation, Comedy, Family",Japanese,Japan,Masakazu Hashimoto,"Kimiko Ueno, Yoshito Usui","Yumiko Kobayashi, Miki Narahashi, Toshiyuki Morikawa","After the Kasukabe Defence Force wins a trip to India, Shinnosuke and Bo-chan enter a suspicious general store and find a backpack that holds a terrifying secret.",,https://m.media-amazon.com/images/M/MV5BNzM4MmFjZmMtZDZmOS00YTZlLWIyNzItNWJiNzM5Zjg3YjVmXkEyXkFqcGc@._V1_SX300.jpg,,,,omdb,2025-10-26 22:23:29
31364,凶器,WEAPONS,tt26581740,Weapons,2025,128 min,"Horror, Mystery",English,United States,Zach Cregger,Zach Cregger,"Julia Garner, Josh Brolin, Alden Ehrenreich","When all but one child from the same class mysteriously vanish on the same night at exactly the same time, a community is left questioning who or what is behind their disappearance.",1 nomination total,https://m.media-amazon.com/images/M/MV5BNTBhNWJjZWItYzY3NS00M2NkLThmOWYtYTlmNzBmN2UxZWFjXkEyXkFqcGc@._V1_SX300.jpg,7.6/10,93%,81/100,omdb,2025-10-26 22:23:30
31365,劇場版「鬼滅之刃」無限城篇 第一章 猗窩座再襲,Demon Slayer：Kimetsu no Yaiba Infinity Castle,tt32820897,Demon Slayer: Kimetsu no Yaiba- The Movie - Infinity Castle,2025,155 min,"Animation, Action, Adventure",Japanese,"Japan, United States","Haruo Sotozaki, Hikaru Kondô","Koyoharu Gotouge, Hikaru Kondô","Zach Aguilar, Ryan Bartley, Johnny Yong Bosch","The Demon Slayer Corps are drawn into the Infinity Castle, where Tanjiro and the Hashira face terrifying Upper Rank demons in a desperate fight as the final battle against Muzan Kibutsuji begins.",,https://m.media-amazon.com/images/M/MV5BOGQ3YWUzYjEtMTJiYy00ZjQ0LWI0YjktYjhiNGVhNGExYTM3XkEyXkFqcGc@._V1_SX300.jpg,8.5/10,98%,67/100,omdb,2025-10-26 22:23:32
31402,天作之合,MATERIALISTS,tt30253473,Materialists,2025,116 min,"Comedy, Romance",English,"United States, Finland, United Kingdom",Celine Song,Celine Song,"Dakota Johnson, Chris Evans, Pedro Pascal",An ambitious young New York City matchmaker finds herself torn between the perfect match and her imperfect ex.,6 nominations total,https://m.media-amazon.com/images/M/MV5BNmQxMTI1YmEtOGY3Yi00NzVlLWEzMjAtYTI1NWZkNDFiMDg1XkEyXkFqcGc@._V1_SX300.jpg,6.3/10,78%,70/100,omdb,2025-10-26 22:23:34
31474,角頭－鬥陣欸,GATAO: Big Brothers,tt37998920,Kak-thâu: Tàu-tin-ê,2025,124 min,"Action, Crime, Drama",Min Nan,Taiwan,"Jui-Chih Chiang, Hung-i Yao",,"Jack Kao, Chen-Nan Tsai, Tai-Bo",,,https://m.media-amazon.com/images/M/MV5BNzAyZTc1YzAtOTEwOS00MThiLWFkMDYtZDgwMzQ0MmY3M2YzXkEyXkFqcGc@._V1_SX300.jpg,,,,omdb,2025-10-26 22:23:35
31502,怪奇寶貝,SKETCH,tt26238710,Sketch,2024,93 min,"Adventure, Comedy, Family",English,United States,Seth Worley,Seth Worley,"Tony Hale, D'Arcy Carden, Bianca Belle","When a young girl's sketchbook falls into a strange pond, her drawings come to life-chaotic, real and on the loose. As the town descends into chaos, her family must reunite and stop the monsters they never meant to unleash.",1 win & 2 nominations total,https://m.media-amazon.com/images/M/MV5BMTk4OTkzNGEtYWU1Yy00ZGM5LWE0ZDMtYzY3NjU1NjIwOGY2XkEyXkFqcGc@._V1_SX300.jpg,7.2/10,95%,78/100,omdb,2025-10-26 22:23:37
31520,龍之心-靈界探訪記-,ドラゴン・ハート-霊界探訪記-,tt36551651,Dragon Heart: Adventures Beyond This World,2025,,Animation,Japanese,Japan,Isamu Imakake,,"Masumi Asano, Shigeru Chiba, Rica Fukami","Ryusuke is a junior high school student living in Tokyo. During his summer vacation, he visits Tokushima and reunites with his teenage cousin, Tomomi. Ryusuke and Tomomi go outing to the Anabuki River where they get swept away by ...",,https://m.media-amazon.com/images/M/MV5BNzZmMDU0Y2UtNjJmYi00ZmM3LThiM2YtNTVjNjllYWU1ZjE2XkEyXkFqcGc@._V1_SX300.jpg,,,,omdb,2025-10-26 22:23:45
31523,樂來越愛你,La La Land,tt3783958,La La Land,2016,128 min,"Comedy, Drama, Music","English, Cantonese","United States, Hong Kong",Damien Chazelle,Damien Chazelle,"Ryan Gosling, Emma Stone, Rosemarie DeWitt","Aspiring actress serves lattes to movie stars in between auditions and jazz musician Sebastian scrapes by playing cocktail-party gigs in dingy bars. But as success mounts, they are faced with decisions that fray the fragile fabric of their love affair, and the dreams they worked so hard to maintain in each other threaten to rip them apart.",Won 6 Oscars. 242 wins & 307 nominations total,https://m.media-amazon.com/images/M/MV5BMzUzNDM2NzM2MV5BMl5BanBnXkFtZTgwNTM3NTg4OTE@._V1_SX300.jpg,8.0/10,91%,94/100,omdb,2025-10-26 22:23:47
31541,熱烈,One and Only,tt20865078,One and Only,2023,124 min,"Comedy, Drama, Sport",Mandarin,China,Da Peng,"Da Peng, Biao Su","Huang Bo, Yibo Wang, Mintao Liu","Ding Lei, a street dance veteran, invites a young entertainer to join his club. However, they are faced with a series of challenges.",21 wins & 21 nominations total,https://m.media-amazon.com/images/M/MV5BY2M1MDRlMTItZDIxNS00YjJlLTg0ZGYtMjg4M2ExNTNiZWMzXkEyXkFqcGc@._V1_SX300.jpg,6.8/10,,,omdb,2025-10-26 22:23:49
31570,無名指,My First of May,tt35724928,My First of May,2025,90 min,,Cantonese,Hong Kong,James Hung,"James Hung, Cheuk-Fung Li","Aaron Kwok, Hee Ching Paw, Natalie Hsu",,,https://m.media-amazon.com/images/M/MV5BNjM2Y2E3ZTAtMTI5Mi00Y2QzLTg4MTAtY2VlYzcyNzcxNjBmXkEyXkFqcGc@._V1_SX300.jpg,,,,omdb,2025-10-26 22:23:50
31596,厲陰宅：最終聖事,The Conjuring：Last Rites,tt22898462,The Conjuring: Last Rites,2025,135 min,"Horror, Mystery, Thriller",English,"United States, United Kingdom, Canada",Michael Chaves,"Ian Goldberg, Richard Naing, David Leslie Johnson-McGoldrick","Vera Farmiga, Patrick Wilson, Elliot Cowan",Paranormal investigators Ed and Lorraine Warren take on one last terrifying case involving mysterious entities they must confront.,,https://m.media-amazon.com/images/M/MV5BM2VmMzRkYzgtMzg2ZC00OTFkLTkwMTYtNTMxNjM2YzI1MjgyXkEyXkFqcGc@._V1_SX300.jpg,6.3/10,,54/100,omdb,2025-10-26 22:23:52
31650,親愛的家人,DEAR FAMILY,tt31735255,Dear Family,2024,116 min,"Drama, Family",Japanese,Japan,Shô Tsukikawa,"Tamio Hayashi, Hidetoshi Kiyotake","Miu Arai, Kasumi Arimura, Riko Fukumoto",Nobumasa Tsuboi (Yo Oizumi) runs a small factory in a small town. He has a daughter Yoshimi Tsuboi (Riko Fukumoto) who suffers from a congenital heart disease. A doctor tells Nobumasa Tsuboi that his daughter will only live for ab...,,https://m.media-amazon.com/images/M/MV5BYTgwMTcyOTgtODg0Ny00ZTM1LTlkY2MtZTcxMzNjNmJmOWFjXkEyXkFqcGdeQXVyNjE4OTY3NTg@._V1_SX300.jpg,,,,omdb,2025-10-26 22:23:54
31651,永遠在一起,TOGETHER,tt31184028,Together,2025,102 min,"Horror, Romance",English,"Australia, United States",Michael Shanks,Michael Shanks,"Dave Franco, Alison Brie, Damon Herriman","Years into their relationship, Tim and Millie find themselves at a crossroads as they move to the country. With tensions already flaring, an encounter with an unnatural force threatens to corrupt their lives, their love and their ...",4 nominations total,https://m.media-amazon.com/images/M/MV5BOWI1Mzg0OWUtNDYxYy00Mzk3LTgxMjMtYWYxZjJhMjI4NDcyXkEyXkFqcGc@._V1_SX300.jpg,6.8/10,90%,75/100,omdb,2025-10-26 22:23:55
31654,電影版小林家的龍女僕：害怕寂寞的龍,Miss Kobayashi's Dragon Maid: A lonely dragon wants to be loved,tt36592985,Kobayashi-san Chi no Maid Dragon: Samishigariya no Ryu,2025,,Animation,Japanese,Japan,Yasuhiro Takemoto,,"Kaori Ishihara, Emiri Kato, Yûki Kuwahara",,,,,,,omdb,2025-10-26 22:23:57
31662,淒厲人師,The Tutor,tt36590795,The Tutor,2025,,Horror,Thai,Thailand,,,"Sornram Aneklap, Parinya Angsanan, Tanawat Hudchaleelaha","When educational success depends on the supernatural, but the success comes at the cost of life, how will they find a way out? Will they survive or die?",,https://m.media-amazon.com/images/M/MV5BYzAzNTExNGItMjM0MC00MWVlLWJmNDAtOWJkODA5YWQ1ZjkyXkEyXkFqcGc@._V1_SX300.jpg,,,,omdb,2025-10-26 23:51:26
31679,凌晨兩點的惡魔,PRETTY CRAZY,tt35382678,Pretty Crazy,2025,115 min,"Comedy, Mystery",Korean,South Korea,Lee Sang-geun,Lee Sang-geun,"Im Yoon-ah, Ahn Bo-hyun, Sung Dong-il","A pastry chef apprentice lives unaware she becomes a wild she-devil nightly. Her family hires their neighbor to watch her night version, as he falls for her day self while seeking to break her curse.",,https://m.media-amazon.com/images/M/MV5BNTI2MDQwNDUtOTU4ZS00ZTY2LWEzYjgtZjc4NjViNzgxZWJhXkEyXkFqcGc@._V1_SX300.jpg,6.6/10,,,omdb,2025-10-26 22:24:06
31685,劇場版 咒術迴戰 懷玉・玉折,JUJUTSU KAISEN: Hidden Inventory / Premature Death – The Movie,tt36956670,JUJUTSU KAISEN: Hidden Inventory/Premature Death - The Movie,2025,110 min,"Animation, Action, Fantasy",Japanese,Japan,Shouta Goshozono,"Gege Akutami, Hiroshi Seko","Aya Endô, Takehito Koyasu, Anna Nagase","Once-friends Gojo and Geto must protect Riko Amanai, marked as the Star Plasma Vessel sacrifice. Hunted by cultists and curse users, these powerful sorcerers face a mission that will test their limits and shape their futures.",,https://m.media-amazon.com/images/M/MV5BZmRlYzE5YTAtOTMyOS00MTY3LTg2MmYtMTU5Y2E2ODg5ZjNiXkEyXkFqcGc@._V1_SX300.jpg,7.9/10,,,omdb,2025-10-26 22:24:08
31702,光,The light,tt31116299,The Light,2025,162 min,Drama,"German, English, Arabic","Germany, United Kingdom",Tom Tykwer,Tom Tykwer,"Marius Biegai, Elke Biesendorfer, Jessica Brösicke","A family faces collapse as they deal with modern issues, searching for new beginnings in a troubled world.",1 nomination total,https://m.media-amazon.com/images/M/MV5BYWIwNGJlNzktOTliZi00MGZiLTg2MjgtZWM1ZjI5MGZhZmQyXkEyXkFqcGc@._V1_SX300.jpg,5.5/10,14%,,omdb,2025-10-26 23:51:30
31704,陌路兄弟,Road's End in Taiwan,tt35231528,Road's End in Taiwan,2025,91 min,Drama,"English, French, Chinese","Switzerland, Taiwan",Maria Nicollier,Maria Nicollier,"Pierre-Antoine Dubey, Rhydian Vaughan, Elliot Malvezzi",,1 nomination total,,,,,omdb,2025-10-26 22:24:11
31712,劇場版 歌之☆王子殿下♪ TABOO NIGHT XXXX with Double Encore (QUARTET NIGHT version),Movie:Utano☆Princesama TABOO NIGHT XXXX with Double Encore (QUARTET NIGHT version),tt35652414,Uta No Prince-Sama: Maji Love Taboo Night Xxxx,2025,,Animation,Japanese,Japan,Jôji Furuta,,"Shouta Aoi, Tomoaki Maeno, Shôtarô Morikubo",,,,,,,omdb,2025-10-26 22:24:13
31713,捏造：史上最惡殺人教師,SHAM,tt34459901,Sham,2025,129 min,"Crime, Drama, Thriller",Japanese,Japan,Takashi Miike,"Masumi Fukuda, Hayashi Mori","Kô Shibasaki, Gô Ayano","A drama crime thriller based on a book about a court case where a teacher was falsely accused of bullying a student to suicide, exploring the moral complexities of the fabricated allegations and media frenzy.",,https://m.media-amazon.com/images/M/MV5BYWQzODkwYWQtZGFhNS00N2M2LWFmMDMtNzA4NGFiYzFkMGUzXkEyXkFqcGc@._V1_SX300.jpg,,80%,,omdb,2025-10-26 23:51:31
31714,鋼琴之子,Wolfgang,tt32676674,Wolfgang (extraordinari),2025,110 min,"Drama, Family",Catalan,Spain,Javier Ruiz Caldera,"Laia Aguilar, Carmen Marfà, Yago Alonso","Miki Esparbé, Jordi Catalán, Àngels Gonyalons","Wolfgang, a ten-year-old boy with an IQ of 152 and autism spectrum disorder, is forced to live with his father Carles, whom he has never seen, after the sudden death of his mother.",,https://m.media-amazon.com/images/M/MV5BMGZhMWM3ZTMtMTFjYy00NzUwLTgzMDgtODQ5YjI0MTM0YjM1XkEyXkFqcGc@._V1_SX300.jpg,6.8/10,,,omdb,2025-10-26 23:51:33
31715,致我所愛之人,Belonging,tt34388944,Toritsukushima,2024,90 min,Drama,Japanese,Japan,Kahori Higashi,Kahori Higashi,"Tsumugi Hashimoto, Maki Isonishi, Kyôko Koizumi",What if you could return to your loved ones after you die - but as an inanimate object?,1 nomination,,,,,omdb,2025-10-26 23:51:35
31745,血怨,PEREWANGAN,tt31434122,Perewangan,2024,,"Horror, Mystery, Thriller",Indonesian,Indonesia,Awi Suryadi,"Andri Cahyadi, JeroPoint","Davina Karamoy, Ully Triani, Dian Sidik","A girl named Maya who is terrorized by various unusual things. Ironically, Maya's father died. All this terrible terror occurred after Maya's mother fell ill",,https://m.media-amazon.com/images/M/MV5BMGNmYWQ4ZDYtNjUzNC00ZTUwLWE5MTMtYThmMTY1ZDBjMzMyXkEyXkFqcGc@._V1_SX300.jpg,,,,omdb,2025-10-26 22:24:20
31746,希瑪之歌,Sima's Song,tt11647720,Sima's Song,2023,,Drama,Persian,Afghanistan,Roya Sadat,"Aziz Deldar, Roelof Jan Minneboo, Roya Sadat","Mozhdah Jamalzadah, Niloufar Koukhani, Paeman Arianfar","Suraya, a communist, Sima, a conservative - whose friendship endures despite radically opposing political views.",,https://m.media-amazon.com/images/M/MV5BN2UxMTU1MzAtYTQ2My00NWE0LTk1M2YtNGViYTQ3N2E5MjgwXkEyXkFqcGdeQXVyMzMwODg5NTg@._V1_SX300.jpg,,,,omdb,2025-10-26 22:24:22
31748,卡夫卡最後的愛,The Glory of Life,tt27775137,The Glory of Life,2024,98 min,"Drama, Romance",German,"Germany, Austria","Judith Kaufmann, Georg Maas","Georg Maas, Michael Gutmann, Michael Kumpfmüller","Henriette Confurius, Sabin Tambrea, Manuel Rubey",The last year in Franz Kafka's life and its surprising love story.,2 nominations,https://m.media-amazon.com/images/M/MV5BYWMzZmIwMmMtZTQyMi00MTM4LTgyNGUtNGRmNDBhMDc3OTI1XkEyXkFqcGc@._V1_SX300.jpg,6.6/10,,,omdb,2025-10-26 22:24:24
31767,醜得要命,THE UGLY,tt33514451,The Ugly,2024,,"Mystery, Thriller",,South Korea,Yeon Sang-ho,Yeon Sang-ho,"Park Jeong-min, Kwon Hae-hyo",A man investigates the truth behind his long-lost mother's death.,,,,55%,,omdb,2025-10-26 23:51:36
31769,大競走,THE LONG WALK,tt10374610,The Long Walk,2025,108 min,Thriller,English,"United States, Canada",Francis Lawrence,"JT Mollner, Stephen King","Cooper Hoffman, David Jonsson, Garrett Wareing","A group of teenage boys compete in an annual contest known as ""The Long Walk,"" in which they must maintain a certain walking speed or get shot.",1 win total,https://m.media-amazon.com/images/M/MV5BNmE4YmIxNWQtMzJhMy00NDI5LWFmYjEtMGYyMmFhNzdjODVmXkEyXkFqcGc@._V1_SX300.jpg,7.3/10,88%,71/100,omdb,2025-10-26 22:24:27
31776,搗破法蘭克,Smashing Frank,tt35724819,Smashing Frank,2025,88 min,"Action, Comedy, Drama",Cantonese,Hong Kong,Trevor Choi,Trevor Choi,"Hedwig Tam, Ka-Hei Lam, Ka-Ki Sham","Four young people plan a heist to fight back against rich boomers, only to be caught in a wealthy church's money laundering conspiracy.",,https://m.media-amazon.com/images/M/MV5BZWY1MTM4NGYtNjI5Mi00MTZhLTkwYTQtYThkZGQ4MTYzZDc4XkEyXkFqcGc@._V1_SX300.jpg,,,,omdb,2025-10-26 22:24:29
31777,奇幻導航,A BIG BOLD BEAUTIFUL JOURNEY,tt13650700,A Big Bold Beautiful Journey,2025,109 min,"Drama, Fantasy, Romance",English,"Ireland, United States",Kogonada,Seth Reiss,"Colin Farrell, Margot Robbie, Phoebe Waller-Bridge","Two strangers who meet at a mutual friend's wedding have the chance to relive important moments from their pasts, illuminating the path that led them to the present and gaining the opportunity to change their futures.",1 nomination total,https://m.media-amazon.com/images/M/MV5BMzMwZWJiYjEtM2RkMi00ZDhjLTk4ZmMtZDQ2NDY2YTJkOTE5XkEyXkFqcGc@._V1_SX300.jpg,6.2/10,36%,43/100,omdb,2025-10-26 22:24:30
31794,劇場版『鏈鋸人 蕾潔篇』,Chainsaw Man – The Movie: Reze Arc,tt30472557,Chainsaw Man - The Movie: Reze Arc,2025,100 min,"Animation, Action, Adventure",Japanese,Japan,Tatsuya Yoshihara,"Tatsuki Fujimoto, Hiroshi Seko","Kikunosuke Toya, Tomori Kusunoki, Shôgo Sakata","Denji encounters a new romantic interest, Reze, who works at a coffee café.",,https://m.media-amazon.com/images/M/MV5BZmMzNGVhODktYmU5MS00MDg1LThlNTEtNTMyYTg5MDA0Njk4XkEyXkFqcGc@._V1_SX300.jpg,8.5/10,,,omdb,2025-10-26 22:24:32
31796,傲嬌公主的奇幻冒險,The Proud Princess,tt10996076,The Proud Princess,2022,,"Animation, Comedy, Family",Czech,Czech Republic,Radek Beran,"Radek Beran, Henryk Bloch, Oldrich Kautský",,"The black-and-white fairy tale The Proud Princess was one of the most viewed films in the Czech cinema of all times. Punished pride is one of the most beautiful fairy tales by Bozena Nemcová. No wonder the most successful Czech live-action fairy tale movie of all times was based on it. This is an animated remake. Krasomila lives in a golden cage. She's childishly proud and her mean advisers support her in that. They want to marry her to a weakling and keep power. However, they come across Miroslav, the righteous king of the neighboring kingdom. He falls in love with princess Krasomila a decides to cure her of her pride. Disquised as a gardener, he manages to do so. Then they flee together before the rage of the advisers to his kingdom. Their way is full of wild adventures, which bring them closer together. Krasomila has no idea that the gardener she's running away with is a king. She finds out in the grand finale. She forgives Miroslav denying his true origin and marries him. The advisers are driven out and love triumphs.",,https://m.media-amazon.com/images/M/MV5BZDgxZmViOTctN2EwNy00YWMwLWEyNWMtMmYwMDJjOTYyNmZlXkEyXkFqcGdeQXVyMTA2NTQ2MTM5._V1_SX300.jpg,,,,omdb,2025-10-26 23:51:38
31797,一戰再戰,One Battle After Another,tt30144839,One Battle After Another,2025,161 min,"Action, Crime, Drama","English, Spanish",United States,Paul Thomas Anderson,"Paul Thomas Anderson, Thomas Pynchon","Leonardo DiCaprio, Sean Penn, Benicio Del Toro","When their evil enemy resurfaces after 16 years, a group of ex-revolutionaries reunite to rescue the daughter of one of their own.",3 wins & 2 nominations total,https://m.media-amazon.com/images/M/MV5BMzBkZmQ0NjMtNTZlMy00ZjdlLTg5ODUtYWFlNGM0YzE3MTg0XkEyXkFqcGc@._V1_SX300.jpg,8.3/10,96%,95/100,omdb,2025-10-26 22:24:35
31799,電影版 神奇柑仔店 錢天堂,The Supernatural Sweet Shop The Movie,tt33256912,Fushigi Dagashiya Zenitendo,2024,103 min,Fantasy,Japanese,Japan,Hideo Nakata,Reiko Yoshida,,"Zenitendo is a mysterious candy store that only lucky people can reach. All the candy recommended by the owner of the store, is perfectly suited to the buyer's troubles. However, the candy might bring happiness or misfortune.",,https://m.media-amazon.com/images/M/MV5BMGE3Y2JmYjUtMDQwNS00ZTE0LTg0ZTctNGU1YzZmNWQyODMxXkEyXkFqcGc@._V1_SX300.jpg,,,,omdb,2025-10-26 22:24:37
31801,鬼祭,Pabrik Gula,tt33349807,Sugar Mill,2025,133 min,"Horror, Thriller",Indonesian,Indonesia,Awi Suryadi,"Lele Laila, SimpleMan","Arbani Yasiz, Ersya Aurelia, Erika Carlina",Follows a group of seasonal laborers who come to an old sugar factory in the countryside to work during the harvest season.,,https://m.media-amazon.com/images/M/MV5BZjJjZDk1ZDAtZjA1Ny00ZWYzLTkwZTMtZDRhY2U2YjdmMzkyXkEyXkFqcGc@._V1_SX300.jpg,5.8/10,,,omdb,2025-10-26 22:24:39
31808,夢想巨無霸,Jumbo,tt27433995,Jumbo,2025,102 min,"Animation, Adventure, Comedy","Indonesian, German",Indonesia,Ryan Adriandhy,"Ryan Adriandhy, Widya Arifianti","Prince Poetiray, Quinn Salman, Yusuf Ozkan","Don, a chubby boy bullied as ""Jumbo"", encounters Meri, a spirit seeking help to reunite with her troubled family's spirits. Their journey unfolds.",,https://m.media-amazon.com/images/M/MV5BOTNlNmI2NzQtNjNkZS00MzZlLTg2MTAtZjZhNjE3ZmQ3NGNhXkEyXkFqcGc@._V1_SX300.jpg,8.1/10,,,omdb,2025-10-26 22:24:42
31809,疾速營救,Stolen Girl,tt4682810,Stolen Girl,2025,110 min,"Action, Adventure, Drama",English,"United States, Italy",Pete Travis,Pete Travis,Rachel Weisz,An American woman spends more than ten years tracking down her daughter who was abducted and taken to the Middle East by the child's father.,,https://m.media-amazon.com/images/M/MV5BMzdmOWE0ZDgtMjVhOS00ZTk5LThjZDYtN2U5OTU4OTFkNTA2XkEyXkFqcGc@._V1_SX300.jpg,5.3/10,,,omdb,2025-10-26 22:24:44
31835,沒好婚姻,The Roses,tt31973693,The Roses,2025,105 min,Comedy,English,"United Kingdom, Australia, United States",Jay Roach,"Warren Adler, Tony McNamara","Olivia Colman, Benedict Cumberbatch, Kate McKinnon",A tinderbox of competition and resentments underneath the façade of a picture-perfect couple is ignited when the husband's professional dreams come crashing down.,,https://m.media-amazon.com/images/M/MV5BYzliNTEyYjEtNGE3Mi00ZDIzLTg1NzYtZDBhNTQ5ZDVkMmM3XkEyXkFqcGc@._V1_SX300.jpg,7.0/10,65%,58/100,omdb,2025-10-26 22:24:45
31836,8號出口,Exit 8,tt35222590,The Exit 8,2025,95 min,"Action, Adventure, Horror",Japanese,Japan,Genki Kawamura,"Kotake Create, Genki Kawamura, Hirase Kentaro","Kazunari Ninomiya, Yamato Kôchi, Naru Asanuma","A man becomes increasingly desperate when he realizes he is trapped in a subway station, needing to complete a mission to get out.",1 nomination total,https://m.media-amazon.com/images/M/MV5BMTkyN2ZjM2YtNTE2Yi00MzNjLWIzYzEtOWNhNzgzNjE0OTJjXkEyXkFqcGc@._V1_SX300.jpg,6.5/10,,,omdb,2025-10-26 23:51:40
31842,蓋比的娃娃屋大電影,GABBY'S DOLLHOUSE: THE MOVIE,tt32214143,Gabby's Dollhouse: The Movie,2025,98 min,"Animation, Adventure, Comedy",English,"Canada, United States",Ryan Crego,"Traci Paige Johnson, Jennifer Twomey, Ryan Crego","Laila Lockhart Kraner, Kristen Wiig, Carla Tassara",Gabby and Grandma Gigi's road trip takes an unexpected turn when Gabby's prized dollhouse ends up with eccentric cat lady Vera. Gabby embarks on a adventure to reunite the Gabby Cats and retrieve her beloved dollhouse before it's ...,,https://m.media-amazon.com/images/M/MV5BMmUwNTg3ODMtZGQxZi00Y2VmLWJhMTEtZTc5ZGM1Nzc5MDViXkEyXkFqcGc@._V1_SX300.jpg,5.7/10,82%,46/100,omdb,2025-10-26 22:24:49
31863,他年她日,MEASURE IN LOVE,tt33830021,Ta Nian Ta Ri,2025,,"Fantasy, Romance",Mandarin,"Taiwan, Hong Kong",Siu-Ping Kung,,"Greg Han Hsu, Angela Yuen, Jack Tan",Greg Han Hsu and Angela Yuen compose a fantasy love story that transcends time zones and is intertwined with fate.,,https://m.media-amazon.com/images/M/MV5BMWZlZDk5Y2YtYWI1NS00MGY3LWJhOTQtN2RiYTE2MDhkNjg4XkEyXkFqcGc@._V1_SX300.jpg,,,,omdb,2025-10-26 22:24:50
31900,一百公尺。,100 METERS,tt32600395,100 Meters,2025,95 min,"Animation, Drama, Sport",,,Kenji Iwaisawa,"Uoto, Yasuyuki Muto","Jun'ya Enoki, Hiiro Ishibashi, Haruki Ishiya","Gifted runner Togashi dominates 100m races until transfer student Komiya arrives, motivating him to train harder. Years later, they compete as rivals on the racetrack.",,https://m.media-amazon.com/images/M/MV5BZWE2NGRkOGItMTM1MS00MGI0LWE3ZmUtZWE0YWNmYzU2ZDI0XkEyXkFqcGc@._V1_SX300.jpg,8.9/10,,,omdb,2025-10-26 23:51:41
31904,陰陽眼見子,THE GIRL WHO SEES,tt33829458,Mieruko-chan,2025,,"Comedy, Horror",Japanese,Japan,Yoshihiro Nakamura,"Yoshihiro Nakamura, Izumi Tomoki",Nanoka Hara,"A young girl can see dead people, but tries to ignore them and live a regular life.",,,,,,omdb,2025-10-26 22:24:54
32087,碰碰狐和貝貝彬歡唱電影：奇幻世界大冒險(國語版),Bebefinn Sing-Along Movie: Into the Pinkfong World,tt37510071,Bebefinn Sing-Along Movie: Into the Pinkfong World,2025,65 min,Family,English,,"Byeon Hee-sun, Sujeong Han, Sunyoung Moon","Tom Caltabiano, Zachary D. Foster, Nee Kirschman","Bommie Han, Emerson Brooke Kim, Addyson Tabankin",,,https://m.media-amazon.com/images/M/MV5BNTcyYThkMmYtNzY2NS00ZjU0LTk3YzYtOThlNWNmNThiYWZlXkEyXkFqcGc@._V1_SX300.jpg,,,,omdb,2025-10-26 22:24:55
32099,創：戰神,Tron: Ares,tt6604188,Tron: Ares,2025,119 min,"Action, Adventure, Sci-Fi",English,"United States, Canada, New Zealand",Joachim Rønning,"Jesse Wigutow, David DiGilio, Steven Lisberger","Evan Peters, Jeff Bridges, Jared Leto","A highly sophisticated program, Ares, is sent from the digital world into the real world on a dangerous mission.",,https://m.media-amazon.com/images/M/MV5BYzk0NjE4NzYtZjc5Ni00MTkxLTgyY2QtZjliOTA5N2U2YzM1XkEyXkFqcGc@._V1_SX300.jpg,6.7/10,,48/100,omdb,2025-10-26 22:24:58
32103,狼來了,COYOTES,tt34581826,Coyotes,2025,,"Comedy, Horror, Thriller",English,United States,Colin Minihan,"Tad Daggerhart, Daniel Meersand, Nick Simon","Mila Harris, Brittany Allen, Justin Long","Trapped in their Hollywood Hills home, a family fights for survival when caught between a raging wildfire and a pack of savage coyotes.",,,,75%,,omdb,2025-10-26 23:51:43
32111,徵人啟弒,NO Other Choice,tt1527793,No Other Choice,2025,139 min,"Comedy, Crime, Drama",Korean,South Korea,Park Chan-wook,"Park Chan-wook, Lee Kyoung-mi, Jahye Lee","Lee Byung-hun, Yeom Hye-ran, Son Ye-jin","After being unemployed for several years, a man devises a unique plan to secure a new job: eliminate his competition.",1 nomination total,https://m.media-amazon.com/images/M/MV5BMjg3NzY0N2ItZGFlMy00NzAzLTk2NjItMDk2YTU3ZWU0MDA1XkEyXkFqcGc@._V1_SX300.jpg,,100%,,omdb,2025-10-26 22:25:01
32112,風林火山,Sons of the Neon Night,tt4968738,Fung lam fo saan,2024,,"Crime, Drama",Cantonese,Hong Kong,Juno Mak,Juno Mak,"Takeshi Kaneshiro, Tony Ka Fai Leung, Louis Koo","""A land free of drugs depicts utopia, or so they say - Yet only those who have been there would know the eternal flames that burn in that place called Hell. It was with his creation of medicine that men began deluding himself about the illusive power to ordain life and death. Be it naivety or arrogance, we glory in awe, eyes closed; deaf to the quiet humming of destruction that lingers on the edge of desire. As it goes, blood weeps more eagerly than tears in a merciless world.""",,https://m.media-amazon.com/images/M/MV5BMTk4MjM4NjkyM15BMl5BanBnXkFtZTgwMjk4MjU5NjE@._V1_SX300.jpg,,,,omdb,2025-10-26 22:25:03
